package	version	declared_license	license_file_present	path
@httptoolkit/httpolyglot	3.1.0	MIT	yes	@httptoolkit/httpolyglot
@opentelemetry/api	1.9.0	Apache-2.0	yes	@opentelemetry/api
@types/body-parser	1.19.6	MIT	yes	@types/body-parser
@types/connect	3.4.38	MIT	yes	@types/connect
@types/express	5.0.6	MIT	yes	@types/express
@types/express-serve-static-core	5.1.0	MIT	yes	@types/express-serve-static-core
@types/http-errors	2.0.5	MIT	yes	@types/http-errors
@types/node	25.0.3	MIT	yes	@types/node
@types/qs	6.14.0	MIT	yes	@types/qs
@types/range-parser	1.2.7	MIT	yes	@types/range-parser
@types/send	1.2.1	MIT	yes	@types/send
@types/serve-static	2.2.0	MIT	yes	@types/serve-static
accepts	2.0.0	MIT	yes	accepts
basic-auth	2.0.1	MIT	yes	basic-auth
bintrees	1.0.2	MIT	yes	bintrees
body-parser	2.3.0	MIT	yes	body-parser
buffer-equal-constant-time	1.0.1	BSD-3-Clause	yes	buffer-equal-constant-time
buffer-from	1.1.2	MIT	yes	buffer-from
bytes	3.1.2	MIT	yes	bytes
call-bind-apply-helpers	1.0.2	MIT	yes	call-bind-apply-helpers
call-bound	1.0.4	MIT	yes	call-bound
concat-stream	2.0.0	MIT	yes	concat-stream
content-disposition	1.0.1	MIT	yes	content-disposition
content-type	1.0.5	MIT	yes	content-type
content-type	2.0.0	MIT	yes	body-parser/node_modules/content-type
content-type	2.0.0	MIT	yes	type-is/node_modules/content-type
cookie	0.7.2	MIT	yes	cookie
cookie-parser	1.4.7	MIT	yes	cookie-parser
cookie-signature	1.0.6	MIT	no	cookie-parser/node_modules/cookie-signature
cookie-signature	1.2.2	MIT	yes	cookie-signature
debug	2.6.9	MIT	yes	debug
debug	4.4.3	MIT	yes	body-parser/node_modules/debug
debug	4.4.3	MIT	yes	express/node_modules/debug
debug	4.4.3	MIT	yes	finalhandler/node_modules/debug
debug	4.4.3	MIT	yes	router/node_modules/debug
debug	4.4.3	MIT	yes	send/node_modules/debug
depd	2.0.0	MIT	yes	depd
dunder-proto	1.0.1	MIT	yes	dunder-proto
ecdsa-sig-formatter	1.0.11	Apache-2.0	yes	ecdsa-sig-formatter
ee-first	1.1.1	MIT	yes	ee-first
encodeurl	2.0.0	MIT	yes	encodeurl
es-define-property	1.0.1	MIT	yes	es-define-property
es-errors	1.3.0	MIT	yes	es-errors
es-object-atoms	1.1.2	MIT	yes	es-object-atoms
escape-html	1.0.3	MIT	yes	escape-html
etag	1.8.1	MIT	yes	etag
express	5.2.1	MIT	yes	express
express-prom-bundle	8.0.0	MIT	yes	express-prom-bundle
finalhandler	2.1.1	MIT	yes	finalhandler
forwarded	0.2.0	MIT	yes	forwarded
fresh	2.0.0	MIT	yes	fresh
function-bind	1.1.2	MIT	yes	function-bind
get-intrinsic	1.3.0	MIT	yes	get-intrinsic
get-proto	1.0.1	MIT	yes	get-proto
gopd	1.2.0	MIT	yes	gopd
has-symbols	1.1.0	MIT	yes	has-symbols
hasown	2.0.4	MIT	yes	hasown
http-errors	2.0.1	MIT	yes	http-errors
http2-express	1.1.1	MIT	yes	http2-express
iconv-lite	0.7.2	MIT	yes	iconv-lite
inherits	2.0.4	ISC	yes	inherits
ipaddr.js	1.9.1	MIT	yes	ipaddr.js
is-promise	4.0.0	MIT	yes	is-promise
jsonwebtoken	9.0.3	MIT	yes	jsonwebtoken
jwa	1.4.2	MIT	yes	jwa
jws	3.2.3	MIT	yes	jws
lodash.includes	4.3.0	MIT	yes	lodash.includes
lodash.isboolean	3.0.3	MIT	yes	lodash.isboolean
lodash.isinteger	4.0.4	MIT	yes	lodash.isinteger
lodash.isnumber	3.0.3	MIT	yes	lodash.isnumber
lodash.isplainobject	4.0.6	MIT	yes	lodash.isplainobject
lodash.isstring	4.0.1	MIT	yes	lodash.isstring
lodash.once	4.1.1	MIT	yes	lodash.once
math-intrinsics	1.1.0	MIT	yes	math-intrinsics
media-typer	1.1.0	MIT	yes	media-typer
merge-descriptors	2.0.0	MIT	yes	merge-descriptors
mime-db	1.54.0	MIT	yes	mime-db
mime-types	3.0.2	MIT	yes	mime-types
morgan	1.12.0	MIT	yes	morgan
ms	2.0.0	MIT	yes	ms
ms	2.1.3	MIT	yes	body-parser/node_modules/ms
ms	2.1.3	MIT	yes	express/node_modules/ms
ms	2.1.3	MIT	yes	finalhandler/node_modules/ms
ms	2.1.3	MIT	yes	jsonwebtoken/node_modules/ms
ms	2.1.3	MIT	yes	router/node_modules/ms
ms	2.1.3	MIT	yes	send/node_modules/ms
negotiator	1.0.0	MIT	yes	negotiator
object-inspect	1.13.4	MIT	yes	object-inspect
on-finished	2.4.1	MIT	yes	on-finished
on-headers	1.1.0	MIT	yes	on-headers
once	1.4.0	ISC	yes	once
parseurl	1.3.3	MIT	yes	parseurl
path-to-regexp	8.4.2	MIT	yes	path-to-regexp
prom-client	15.1.3	Apache-2.0	yes	prom-client
proxy-addr	2.0.7	MIT	yes	proxy-addr
qs	6.16.0	BSD-3-Clause	yes	qs
range-parser	1.2.1	MIT	yes	range-parser
raw-body	3.0.2	MIT	yes	raw-body
readable-stream	3.6.2	MIT	yes	readable-stream
router	2.2.0	MIT	yes	router
safe-buffer	5.1.2	MIT	yes	basic-auth/node_modules/safe-buffer
safe-buffer	5.2.1	MIT	yes	safe-buffer
safer-buffer	2.1.2	MIT	yes	safer-buffer
semver	7.7.3	ISC	yes	semver
send	1.2.1	MIT	yes	send
serve-static	2.2.1	MIT	yes	serve-static
setprototypeof	1.2.0	ISC	yes	setprototypeof
side-channel	1.1.1	MIT	yes	side-channel
side-channel-list	1.0.1	MIT	yes	side-channel-list
side-channel-map	1.0.1	MIT	yes	side-channel-map
side-channel-weakmap	1.0.2	MIT	yes	side-channel-weakmap
statuses	2.0.2	MIT	yes	statuses
string_decoder	1.3.0	MIT	yes	string_decoder
tdigest	0.1.2	MIT	yes	tdigest
toidentifier	1.0.1	MIT	yes	toidentifier
type-is	2.1.0	MIT	yes	type-is
typedarray	0.0.6	MIT	yes	typedarray
undici-types	7.16.0	MIT	yes	undici-types
unpipe	1.0.0	MIT	yes	unpipe
url-value-parser	2.2.0	MIT-0	yes	url-value-parser
util-deprecate	1.0.2	MIT	yes	util-deprecate
vary	1.1.2	MIT	yes	vary
wrappy	1.0.2	ISC	yes	wrappy
