package	version	declared_license
alpine-baselayout	3.7.2-r1	GPL-2.0-only
alpine-baselayout-data	3.7.2-r1	GPL-2.0-only
alpine-keys	2.6-r0	MIT
alpine-release	3.24.2-r0	MIT
apk-tools	3.0.8-r0	GPL-2.0-only
busybox	1.37.0-r31	GPL-2.0-only
busybox-binsh	1.37.0-r31	GPL-2.0-only
ca-certificates-bundle	20260909-r0	MPL-2.0 AND MIT
libapk	3.0.8-r0	GPL-2.0-only
libcrypto3	3.5.8-r0	Apache-2.0
libgcc	15.2.0-r5	GPL-2.0-or-later AND LGPL-2.1-or-later
libssl3	3.5.8-r0	Apache-2.0
libstdc++	15.2.0-r5	GPL-2.0-or-later AND LGPL-2.1-or-later
musl	1.2.6-r2	MIT
musl-utils	1.2.6-r2	MIT AND BSD-2-Clause AND GPL-2.0-or-later
scanelf	1.3.9-r1	GPL-2.0-only
ssl_client	1.37.0-r31	GPL-2.0-only
zlib	1.3.2-r0	Zlib
